City_ID,City,Lat,Lng,Max Temp,Humidity,Cloudiness,Wind Speed,Country,Date
0,Tasiilaq,65.6145,-37.6368,32.16,76,100,8.14,GL,2021-10-28 18:23:22
1,Puerto Ayora,-0.7393,-90.3518,76.96,88,92,4.0,EC,2021-10-28 18:23:22
2,Albany,42.6001,-73.9662,60.67,73,87,2.13,US,2021-10-28 18:21:14
3,Lebu,-37.6167,-73.65,59.25,75,1,15.05,CL,2021-10-28 18:23:23
4,Rikitea,-23.1203,-134.9692,75.04,81,4,10.76,PF,2021-10-28 18:23:23
5,Klaksvik,62.2266,-6.589,49.12,89,6,20.94,FO,2021-10-28 18:23:23
6,Mao,39.8885,4.2658,63.16,82,20,4.61,ES,2021-10-28 18:23:24
7,Hanzhong,33.0728,107.0303,56.66,82,100,0.85,CN,2021-10-28 18:23:24
8,Kipushi,-11.7667,27.2333,71.85,47,42,4.74,CD,2021-10-28 18:23:24
9,Thinadhoo,0.5333,72.9333,82.6,76,96,15.21,MV,2021-10-28 18:23:25
10,Pochutla,15.7432,-96.4661,90.82,53,6,6.69,MX,2021-10-28 18:23:25
11,Cabo San Lucas,22.8909,-109.9124,86.5,53,1,4.0,MX,2021-10-28 18:23:25
12,Salalah,17.0151,54.0924,80.69,74,40,3.44,OM,2021-10-28 18:23:26
13,Ukiah,39.1502,-123.2078,75.04,77,1,0.0,US,2021-10-28 18:23:26
14,Boddam,57.4667,-1.7833,52.38,94,100,9.62,GB,2021-10-28 18:23:26
15,Pisco,-13.7,-76.2167,66.02,82,0,9.22,PE,2021-10-28 18:23:27
16,Ushuaia,-54.8,-68.3,62.26,31,20,16.11,AR,2021-10-28 18:22:31
17,Agirish,61.9247,63.0231,28.72,80,100,14.72,RU,2021-10-28 18:23:27
18,Lata,40.1629,-8.3327,66.04,67,100,6.38,PT,2021-10-28 18:23:27
19,Matao,-21.6033,-48.3658,76.3,73,100,6.33,BR,2021-10-28 18:23:28
20,Am Timan,11.0297,20.2827,86.09,39,64,1.32,TD,2021-10-28 18:23:28
21,Port Alfred,-33.5906,26.891,68.04,93,100,7.94,ZA,2021-10-28 18:23:29
22,Cape Town,-33.9258,18.4232,63.88,83,0,1.01,ZA,2021-10-28 18:23:29
23,Upernavik,72.7868,-56.1549,19.47,58,57,5.03,GL,2021-10-28 18:23:29
24,Kargil,34.5667,76.1,31.14,53,10,2.66,IN,2021-10-28 18:23:30
25,Dyersburg,36.0345,-89.3856,64.53,88,90,6.91,US,2021-10-28 18:23:30
26,Mandalgovi,45.7625,106.2708,34.3,43,3,9.13,MN,2021-10-28 18:23:30
27,Vaini,-21.2,-175.2,73.56,83,75,6.91,TO,2021-10-28 18:23:31
28,Atuona,-9.8,-139.0333,78.62,66,20,17.22,PF,2021-10-28 18:23:31
29,Lagoa,39.05,-27.9833,66.94,75,96,12.46,PT,2021-10-28 18:23:31
30,Sarmakovo,43.7456,43.2003,39.85,63,0,2.73,RU,2021-10-28 18:23:31
31,Parabel,58.6978,81.4825,33.31,64,100,16.02,RU,2021-10-28 18:23:32
32,Port Elizabeth,-33.918,25.5701,69.1,94,40,4.61,ZA,2021-10-28 18:23:32
33,Mchinji,-13.7984,32.8802,71.64,46,41,6.44,MW,2021-10-28 18:23:33
34,Victoria,22.2855,114.1577,77.38,85,26,1.99,HK,2021-10-28 18:19:29
35,Punta Arenas,-53.15,-70.9167,60.91,51,75,16.11,CL,2021-10-28 18:23:33
36,Ilmatsalu,58.3881,26.5593,53.85,87,90,10.36,EE,2021-10-28 18:23:33
37,Manzhouli,49.6,117.4333,36.36,59,28,0.94,CN,2021-10-28 18:23:34
38,Lang Son,21.8333,106.7333,65.21,97,99,3.71,VN,2021-10-28 18:23:34
39,Lagos,6.5833,3.75,80.92,86,54,3.76,NG,2021-10-28 18:22:29
40,Lorengau,-2.0226,147.2712,81.1,78,84,3.91,PG,2021-10-28 18:23:34
41,Carnarvon,-24.8667,113.6333,64.47,63,0,18.41,AU,2021-10-28 18:23:35
42,Arraial Do Cabo,-22.9661,-42.0278,76.96,83,75,13.8,BR,2021-10-28 18:23:35
43,San Quintin,30.4833,-115.95,75.09,37,0,4.45,MX,2021-10-28 18:23:35
44,Tuktoyaktuk,69.4541,-133.0374,26.6,100,90,3.44,CA,2021-10-28 18:23:36
45,Kavaratti,10.5669,72.642,81.1,76,100,3.87,IN,2021-10-28 18:23:36
46,Airai,-8.9266,125.4092,62.42,90,99,1.41,TL,2021-10-28 18:23:37
47,Yellowknife,62.456,-114.3525,35.42,100,90,0.0,CA,2021-10-28 18:19:09
48,Dolores,-36.3132,-57.6792,88.88,40,68,10.0,AR,2021-10-28 18:23:37
49,Mpophomeni,-29.5682,30.1862,55.31,94,100,1.79,ZA,2021-10-28 18:19:09
50,Jingdezhen,29.2947,117.2079,59.23,89,42,3.09,CN,2021-10-28 18:23:38
51,Kununurra,-15.7667,128.7333,80.58,78,40,6.91,AU,2021-10-28 18:23:38
52,Jamestown,42.097,-79.2353,64.02,57,1,7.0,US,2021-10-28 18:21:14
53,Kokoda,-8.8785,147.7407,72.54,93,74,1.7,PG,2021-10-28 18:23:39
54,Nhulunbuy,-12.2333,136.7667,75.81,83,61,0.0,AU,2021-10-28 18:23:39
55,Ischia,40.7342,13.9471,63.57,55,98,9.82,IT,2021-10-28 18:23:39
56,Fortuna Foothills,32.6578,-114.4119,82.45,23,1,3.0,US,2021-10-28 18:23:40
57,Bluff,-46.6,168.3333,53.02,89,5,5.73,NZ,2021-10-28 18:23:40
58,Moose Factory,51.2585,-80.6094,53.6,50,1,6.91,CA,2021-10-28 18:23:40
59,Kapaa,22.0752,-159.319,78.78,99,90,4.61,US,2021-10-28 18:23:41
60,Hasaki,35.7333,140.8333,52.29,56,61,30.36,JP,2021-10-28 18:23:41
61,Buchanan,5.8808,-10.0467,80.56,84,61,4.59,LR,2021-10-28 18:23:41
62,Mataura,-46.1927,168.8643,46.74,99,23,1.86,NZ,2021-10-28 18:23:42
63,Hilo,19.7297,-155.09,82.27,68,1,3.44,US,2021-10-28 18:23:42
64,Brigantine,39.4101,-74.3646,66.34,76,90,10.36,US,2021-10-28 18:23:42
65,Hermanus,-34.4187,19.2345,62.91,91,1,2.15,ZA,2021-10-28 18:23:42
66,Wilmington,34.2257,-77.9447,71.51,66,1,11.5,US,2021-10-28 18:20:37
67,Darhan,49.4867,105.9228,34.41,72,100,10.98,MN,2021-10-28 18:23:43
68,Sitka,57.0531,-135.33,39.09,87,90,9.22,US,2021-10-28 18:23:43
69,Guane,22.2025,-84.0875,87.98,62,100,13.96,CU,2021-10-28 18:23:44
70,Xichang,27.8964,102.2634,56.26,85,69,3.04,CN,2021-10-28 18:23:44
71,Hobart,-42.8794,147.3294,48.11,93,90,3.0,AU,2021-10-28 18:23:44
72,Codrington,-38.2667,141.9667,47.66,93,100,29.21,AU,2021-10-28 18:23:44
73,Navalmoral De La Mata,39.8916,-5.5406,62.96,40,87,3.67,ES,2021-10-28 18:23:45
74,Dunn,44.95,-91.8835,51.76,90,100,6.91,US,2021-10-28 18:23:45
75,Busselton,-33.65,115.3333,40.05,82,18,8.16,AU,2021-10-28 18:23:45
76,Marolambo,-20.05,48.1167,62.49,93,100,4.36,MG,2021-10-28 18:23:46
77,Poso,-1.3959,120.7524,77.09,84,69,2.89,ID,2021-10-28 18:23:46
78,Presidente Olegario,-18.4178,-46.4181,84.74,34,65,8.23,BR,2021-10-28 18:23:46
79,Sao Felix Do Xingu,-6.6447,-51.995,100.2,23,52,1.5,BR,2021-10-28 18:21:53
80,Dikson,73.5069,80.5464,6.57,93,70,9.19,RU,2021-10-28 18:23:47
81,Srednekolymsk,67.45,153.6833,-9.72,99,18,1.79,RU,2021-10-28 18:23:47
82,Laguna,38.421,-121.4238,75.04,91,1,1.99,US,2021-10-28 18:20:08
83,Coracora,-15.0333,-73.7833,66.97,35,45,12.01,PE,2021-10-28 18:23:47
84,East London,-33.0153,27.9116,67.14,88,20,3.44,ZA,2021-10-28 18:23:48
85,Honiara,-9.4333,159.95,77.27,84,36,4.61,SB,2021-10-28 18:19:57
86,Georgetown,5.4112,100.3354,78.73,89,40,2.3,MY,2021-10-28 18:23:48
87,Cao Bang,22.6667,106.25,67.39,99,100,0.38,VN,2021-10-28 18:23:49
88,Panguna,-6.3164,155.4848,69.84,96,62,3.38,PG,2021-10-28 18:23:49
89,Krasne,49.9145,24.6134,40.35,78,44,3.22,UA,2021-10-28 18:23:49
90,Souillac,-20.5167,57.5167,75.36,83,20,10.36,MU,2021-10-28 18:23:50
91,Butaritari,3.0707,172.7902,81.61,71,70,11.81,KI,2021-10-28 18:23:50
92,Bredasdorp,-34.5322,20.0403,60.28,82,2,3.44,ZA,2021-10-28 18:23:50
93,Norman Wells,65.282,-126.8329,21.24,86,90,3.44,CA,2021-10-28 18:23:51
94,Pevek,69.7008,170.3133,1.54,96,100,3.89,RU,2021-10-28 18:23:51
95,Tres Passos,-27.4556,-53.9319,78.58,59,18,4.94,BR,2021-10-28 18:23:51
96,Haines Junction,60.7522,-137.5108,22.95,80,53,2.3,CA,2021-10-28 18:23:52
97,Esperance,-33.8667,121.9,49.84,73,92,8.05,AU,2021-10-28 18:23:52
98,Gasa,31.5,34.4667,75.9,55,81,7.54,PS,2021-10-28 18:23:52
99,Aripuana,-9.1667,-60.6333,91.44,48,68,2.08,BR,2021-10-28 18:23:53
100,Grand Gaube,-20.0064,57.6608,75.38,71,5,5.01,MU,2021-10-28 18:23:53
101,Cidreira,-30.1811,-50.2056,72.28,72,2,16.55,BR,2021-10-28 18:23:53
102,Yulara,-25.2406,130.9889,67.84,21,35,8.05,AU,2021-10-28 18:23:53
103,Yagoua,10.3411,15.2329,86.31,29,19,0.6,CM,2021-10-28 18:23:54
104,Leningradskiy,69.3833,178.4167,5.99,90,100,10.2,RU,2021-10-28 18:23:54
105,Avarua,-21.2078,-159.775,73.45,73,100,12.66,CK,2021-10-28 18:23:54
106,Sao Filipe,14.8961,-24.4956,79.21,76,100,9.55,CV,2021-10-28 18:23:55
107,Mayo,38.8876,-76.5119,67.98,70,95,1.99,US,2021-10-28 18:23:55
108,Qaanaaq,77.484,-69.3632,21.56,92,100,8.12,GL,2021-10-28 18:23:55
109,Alamosa,37.4695,-105.87,58.66,36,1,3.44,US,2021-10-28 18:23:56
110,Aitape,-3.1374,142.3475,77.07,88,99,4.5,PG,2021-10-28 18:23:56
111,Riyadh,24.6877,46.7219,82.54,14,92,8.43,SA,2021-10-28 18:23:36
112,Richards Bay,-28.783,32.0377,67.33,70,99,14.27,ZA,2021-10-28 18:23:56
113,Alofi,-19.0595,-169.9187,69.69,94,3,3.44,NU,2021-10-28 18:21:25
114,Cabatuan,10.8794,122.486,75.31,89,92,9.28,PH,2021-10-28 18:23:57
115,Natal,-5.795,-35.2094,86.65,58,20,19.57,BR,2021-10-28 18:23:57
116,Labuhan,-6.8844,112.2051,80.83,80,100,4.79,ID,2021-10-28 18:23:57
117,Ancud,-41.8697,-73.8203,63.93,69,61,8.66,CL,2021-10-28 18:23:58
118,Stavrovo,56.1331,40.013,41.54,86,100,8.59,RU,2021-10-28 18:23:58
119,Srandakan,-7.9386,110.2506,77.99,90,100,4.72,ID,2021-10-28 18:23:58
120,Castro,-24.7911,-50.0119,69.31,81,97,9.55,BR,2021-10-28 18:23:59
121,Komsomolskiy,40.4272,71.7189,50.72,57,96,4.61,UZ,2021-10-28 18:23:59
122,Santiago Del Estero,-27.7951,-64.2615,98.8,15,2,15.82,AR,2021-10-28 18:23:58
123,Cuiluan,47.72,128.648,33.19,81,0,3.06,CN,2021-10-28 18:24:00
124,Belaya Gora,68.5333,146.4167,0.63,93,100,2.1,RU,2021-10-28 18:24:00
125,Mahebourg,-20.4081,57.7,75.25,83,20,10.36,MU,2021-10-28 18:24:00
126,Sistranda,63.7256,8.834,52.9,89,100,11.81,NO,2021-10-28 18:22:06
127,Tura,25.5198,90.2201,67.46,92,0,3.91,IN,2021-10-28 18:24:01
128,Neuenhagen,52.5299,13.6891,56.82,77,19,9.91,DE,2021-10-28 18:24:01
129,Fuling,29.7022,107.3919,59.41,94,100,1.72,CN,2021-10-28 18:21:06
130,Bairiki,1.3292,172.9752,80.6,78,20,8.05,KI,2021-10-28 18:24:02
131,Isangel,-19.55,169.2667,75.43,87,25,10.74,VU,2021-10-28 18:24:03
132,Calabozo,8.9242,-67.4293,79.14,79,97,1.83,VE,2021-10-28 18:24:03
133,Cockburn Town,21.4612,-71.1419,85.96,66,20,5.75,TC,2021-10-28 18:24:04
134,Aksarka,66.5606,67.7975,24.08,97,100,5.44,RU,2021-10-28 18:20:12
135,Walla Walla,46.0646,-118.343,73.99,54,75,10.0,US,2021-10-28 18:22:59
136,Hithadhoo,-0.6,73.0833,83.17,75,89,16.37,MV,2021-10-28 18:24:04
137,Bar Harbor,44.3876,-68.2039,55.65,56,1,11.99,US,2021-10-28 18:22:04
138,Ferme-Neuve,46.7001,-75.4493,53.38,43,0,5.99,CA,2021-10-28 18:24:05
139,Grindavik,63.8424,-22.4338,41.47,87,0,12.66,IS,2021-10-28 18:21:01
140,Huaicheng,23.9051,112.1931,66.65,79,46,2.26,CN,2021-10-28 18:24:05
141,Panguipulli,-39.6333,-72.3333,65.91,30,6,3.76,CL,2021-10-28 18:24:06
142,San Patricio,28.017,-97.5169,84.61,16,0,17.58,US,2021-10-28 18:24:06
143,Tiksi,71.6872,128.8694,11.39,96,100,4.85,RU,2021-10-28 18:24:06
144,Yar-Sale,66.8333,70.8333,22.01,95,100,15.88,RU,2021-10-28 18:24:07
145,Monzon,41.9108,0.1941,60.76,72,5,5.7,ES,2021-10-28 18:24:07
146,Bengkulu,-3.8004,102.2655,77.56,85,100,1.92,ID,2021-10-28 18:24:07
147,Enterprise,36.0252,-115.2419,73.29,32,1,1.99,US,2021-10-28 18:24:07
148,Vao,-22.6667,167.4833,70.68,68,3,13.13,NC,2021-10-28 18:24:08
149,Cayenne,4.9333,-52.3333,89.64,75,88,5.01,GF,2021-10-28 18:24:08
150,Santa Marta,11.2408,-74.199,93.34,70,40,5.75,CO,2021-10-28 18:21:50
151,Leh,34.1667,77.5833,27.27,54,1,1.25,IN,2021-10-28 18:24:09
152,Oktyabrskoye,43.0645,44.7417,30.34,93,0,8.95,RU,2021-10-28 18:24:09
153,Pasni,25.2631,63.471,79.32,63,0,7.4,PK,2021-10-28 18:24:09
154,Anadyr,64.75,177.4833,-3.5,84,0,11.18,RU,2021-10-28 18:24:10
155,Boa Vista,2.8197,-60.6733,93.18,40,40,2.3,BR,2021-10-28 18:24:10
156,Huarmey,-10.0681,-78.1522,70.68,71,91,11.65,PE,2021-10-28 18:24:10
157,Breves,-1.6822,-50.4803,91.35,51,76,2.48,BR,2021-10-28 18:24:10
158,Kodiak,57.79,-152.4072,27.91,80,1,4.61,US,2021-10-28 18:24:11
159,Eenhana,-17.4667,16.3333,83.95,60,76,10.36,NA,2021-10-28 18:24:11
160,Turan,16.0678,108.2208,78.78,94,75,1.14,VN,2021-10-28 18:24:11
161,Port Moresby,-9.4431,147.1797,74.62,94,40,3.44,PG,2021-10-28 18:24:12
162,Atambua,-9.1061,124.8925,76.87,84,100,1.7,ID,2021-10-28 18:22:19
163,Villa Carlos Paz,-31.4241,-64.4978,92.39,34,4,21.0,AR,2021-10-28 18:24:12
164,Bossangoa,6.4926,17.4552,75.04,86,62,3.31,CF,2021-10-28 18:24:12
165,Rio Grande,-32.035,-52.0986,84.31,64,0,13.96,BR,2021-10-28 18:24:13
166,Svarstad,59.399,9.9698,55.94,57,100,8.01,NO,2021-10-28 18:24:13
167,Gorontalo,0.5412,123.0595,75.33,95,19,2.86,ID,2021-10-28 18:24:13
168,Ouro Preto Do Oeste,-10.7481,-62.2158,88.56,52,95,4.05,BR,2021-10-28 18:24:14
169,Bethel,41.3712,-73.414,59.09,68,90,0.0,US,2021-10-28 18:24:14
170,Santa Helena,-2.2311,-45.3,86.77,61,62,2.86,BR,2021-10-28 18:24:14
171,Luba,3.4568,8.5547,78.69,87,70,5.01,GQ,2021-10-28 18:24:15
172,Velyka Oleksandrivka,47.3197,33.3037,50.04,67,92,6.82,UA,2021-10-28 18:24:15
173,Pelotas,-31.7719,-52.3425,84.22,61,0,7.0,BR,2021-10-28 18:24:15
174,Barrow,71.2906,-156.7887,23.02,86,90,11.5,US,2021-10-28 18:23:10
175,Iqaluit,63.7506,-68.5145,37.13,64,90,4.61,CA,2021-10-28 18:24:16
176,Clyde River,70.4692,-68.5914,34.03,93,90,16.11,CA,2021-10-28 18:24:16
177,Namibe,-15.1961,12.1522,67.51,72,6,14.54,AO,2021-10-28 18:24:16
178,Francisco Sa,-16.4758,-43.4883,87.94,40,23,16.22,BR,2021-10-28 18:24:17
179,Tambacounda,13.7539,-13.7586,89.65,58,0,2.3,SN,2021-10-28 18:24:17
180,Petropavlovsk-Kamchatskiy,53.0452,158.6483,28.99,93,75,2.24,RU,2021-10-28 18:24:17
181,Bougouni,11.417,-7.479,84.34,50,53,3.49,ML,2021-10-28 18:24:18
182,Kungurtug,50.5994,97.5228,30.83,82,92,0.4,RU,2021-10-28 18:22:06
183,Kaitangata,-46.2817,169.8464,49.35,95,92,2.82,NZ,2021-10-28 18:24:18
184,Pacific Grove,36.6177,-121.9166,75.31,67,1,4.0,US,2021-10-28 18:24:18
185,Cherskiy,68.75,161.3,-15.14,92,81,4.09,RU,2021-10-28 18:24:19
186,New Norfolk,-42.7826,147.0587,47.75,78,100,5.99,AU,2021-10-28 18:24:19
187,Meulaboh,4.1363,96.1285,78.37,87,97,7.49,ID,2021-10-28 18:24:19
188,Ati,13.2154,18.3353,93.13,17,10,9.44,TD,2021-10-28 18:24:20
189,Unhel,23.3333,75.5667,66.07,49,0,5.84,IN,2021-10-28 18:24:20
190,Henties Bay,-22.116,14.2845,62.85,83,85,8.61,NA,2021-10-28 18:24:20
191,Thompson,55.7435,-97.8558,39.36,93,90,11.5,CA,2021-10-28 18:24:21
192,Celestun,20.8667,-90.4,85.95,69,66,6.62,MX,2021-10-28 18:24:21
193,Jibuti,11.5,42.5,78.22,46,5,9.17,DJ,2021-10-28 18:24:22
194,Murdochville,48.9583,-65.5006,38.28,56,15,8.86,CA,2021-10-28 18:24:22
195,Kingsland,30.8,-81.6898,74.14,69,100,1.99,US,2021-10-28 18:24:22
196,Ostrovnoy,68.0531,39.5131,24.76,76,74,9.75,RU,2021-10-28 18:24:23
197,Fort Nelson,58.8053,-122.7002,29.79,100,75,2.3,CA,2021-10-28 18:24:23
198,Krasnyy Tkach,55.4721,39.0802,44.35,83,95,9.44,RU,2021-10-28 18:24:23
199,Bonavista,48.6499,-53.1147,40.12,72,100,15.46,CA,2021-10-28 18:24:24
200,Sorland,67.667,12.6934,47.35,88,99,16.8,NO,2021-10-28 18:24:24
201,Abu Samrah,35.3029,37.1841,67.33,39,100,2.24,SY,2021-10-28 18:24:24
202,Palu,-0.8917,119.8707,75.33,96,86,2.51,ID,2021-10-28 18:24:25
203,Bambous Virieux,-20.3428,57.7575,75.22,83,20,10.36,MU,2021-10-28 18:24:25
204,Sovetsk,55.0839,21.8785,50.74,93,81,6.42,RU,2021-10-28 18:24:25
205,Ponta Do Sol,32.6667,-17.1,73.0,71,88,8.63,PT,2021-10-28 18:24:26
206,Hoquiam,46.9809,-123.8893,59.86,96,90,21.85,US,2021-10-28 18:24:26
207,Tuatapere,-46.1333,167.6833,49.06,95,5,1.25,NZ,2021-10-28 18:24:26
208,Puertollano,38.6871,-4.1073,64.15,52,57,4.83,ES,2021-10-28 18:24:27
209,Kavieng,-2.5744,150.7967,81.5,78,94,9.33,PG,2021-10-28 18:24:27
210,Olafsvik,64.8945,-23.7142,42.28,83,74,28.1,IS,2021-10-28 18:24:27
211,Never,46.9896,3.159,58.75,82,0,4.61,FR,2021-10-28 18:24:27
212,Quang Ngai,15.1167,108.8,74.73,93,67,3.4,VN,2021-10-28 18:24:17
213,Gat,31.61,34.7642,78.4,34,77,2.77,IL,2021-10-28 18:24:28
214,Saint-Philippe,-21.3585,55.7679,74.79,79,8,8.05,RE,2021-10-28 18:24:28
215,Along,28.1667,94.7667,61.11,76,0,1.95,IN,2021-10-28 18:24:28
216,Nikolskoye,59.7035,30.7861,46.87,88,100,7.31,RU,2021-10-28 18:24:29
217,Saint George,37.1041,-113.5841,72.07,45,1,1.01,US,2021-10-28 18:21:01
218,Biella,45.5871,8.0859,53.24,82,32,4.65,IT,2021-10-28 18:24:29
219,Guerrero Negro,27.9769,-114.0611,79.18,27,0,0.83,MX,2021-10-28 18:24:09
220,Nanortalik,60.1432,-45.2371,37.06,69,69,4.43,GL,2021-10-28 18:24:30
221,Kurumkan,54.3,110.3,28.76,79,83,6.22,RU,2021-10-28 18:24:13
222,Biak,-0.9131,122.8766,76.8,82,33,0.87,ID,2021-10-28 18:24:30
223,Vila Velha,-20.3297,-40.2925,82.35,61,20,10.36,BR,2021-10-28 18:23:19
224,Champerico,14.3,-91.9167,88.75,75,7,6.76,GT,2021-10-28 18:24:30
225,Mantua,45.1667,10.7833,56.91,81,5,1.57,IT,2021-10-28 18:24:31
226,Gizo,-8.103,156.8419,82.72,73,28,8.61,SB,2021-10-28 18:24:31
227,Hadgaon,19.5,77.6667,66.36,68,91,5.64,IN,2021-10-28 18:24:31
228,Lavrentiya,65.5833,-171.0,15.64,86,100,6.62,RU,2021-10-28 18:24:32
229,Honningsvag,70.9821,25.9704,29.95,93,75,28.77,NO,2021-10-28 18:24:32
230,Huangchuan,32.1272,115.0394,60.19,75,89,5.44,CN,2021-10-28 18:24:32
231,Tabuk,17.4189,121.4443,71.08,88,43,2.95,PH,2021-10-28 18:24:33
232,Ust-Kuyga,70.0167,135.6,11.39,97,100,1.54,RU,2021-10-28 18:24:33
233,Manaure,11.7751,-72.4445,87.62,60,100,6.08,CO,2021-10-28 18:24:33
234,Siocon,7.7061,122.1353,77.79,82,50,3.91,PH,2021-10-28 18:24:34
235,Edd,13.9297,41.6925,89.94,37,62,14.32,ER,2021-10-28 18:24:34
236,Maxixe,-23.8597,35.3472,67.28,64,73,7.99,MZ,2021-10-28 18:24:34
237,Vestmanna,62.1564,-7.1664,47.32,100,75,17.27,FO,2021-10-28 18:24:34
238,Lieksa,63.3167,30.0167,43.36,93,100,17.31,FI,2021-10-28 18:24:35
239,Tautira,-17.7333,-149.15,80.62,84,69,12.62,PF,2021-10-28 18:24:35
240,Half Moon Bay,37.4636,-122.4286,74.28,68,1,16.11,US,2021-10-28 18:24:35
241,Severo-Kurilsk,50.6789,156.125,41.29,88,87,4.68,RU,2021-10-28 18:24:36
242,Mar Del Plata,-38.0023,-57.5575,93.22,85,0,13.0,AR,2021-10-28 18:24:36
243,Vanimo,-2.6741,141.3028,77.34,89,99,4.59,PG,2021-10-28 18:24:36
244,Gigmoto,13.7796,124.39,79.41,86,77,12.21,PH,2021-10-28 18:24:37
245,Batetskiy,58.6461,30.3027,43.83,90,100,7.31,RU,2021-10-28 18:24:37
246,Scottsbluff,41.8666,-103.6672,56.8,32,20,11.01,US,2021-10-28 18:24:37
247,Bilma,18.6853,12.9164,86.74,14,11,5.01,NE,2021-10-28 18:24:38
248,Kangaatsiaq,68.3065,-53.4641,29.21,95,100,13.35,GL,2021-10-28 18:24:38
249,Shache,38.4167,77.2406,49.35,32,54,4.99,CN,2021-10-28 18:24:38
250,Ilulissat,69.2167,-51.1,21.22,58,40,13.8,GL,2021-10-28 18:24:39
251,Panzhihua,26.5851,101.7128,61.36,94,0,1.12,CN,2021-10-28 18:24:39
252,Camopi,3.1655,-52.3158,96.04,30,96,2.77,GF,2021-10-28 18:24:39
253,Kazanka,47.8462,32.8218,53.91,68,83,6.73,UA,2021-10-28 18:24:40
254,Puerto Colombia,10.9878,-74.9547,89.69,67,100,5.44,CO,2021-10-28 18:24:40
255,Wattegama,6.7989,81.4808,76.12,91,64,1.81,LK,2021-10-28 18:24:40
256,Osypenko,46.9136,36.8253,48.83,70,100,6.78,UA,2021-10-28 18:23:21
257,Faanui,-16.4833,-151.75,78.73,82,54,7.99,PF,2021-10-28 18:24:41
258,Kloulklubed,7.0419,134.2556,79.3,69,82,13.91,PW,2021-10-28 18:24:41
259,Ribeira Grande,38.5167,-28.7,68.4,88,20,6.91,PT,2021-10-28 18:24:41
260,Saint-Leu,-21.15,55.2833,74.26,96,0,13.13,RE,2021-10-28 18:24:42
261,Urengoy,65.9667,78.3667,19.08,93,100,19.53,RU,2021-10-28 18:24:42
262,Kainantu,-6.2887,145.8655,58.08,93,100,1.52,PG,2021-10-28 18:24:42
263,Amapa,1.0,-52.0,97.16,29,68,4.83,BR,2021-10-28 18:24:43
264,Dakar,14.6937,-17.4441,84.33,79,20,2.3,SN,2021-10-28 18:24:43
265,Asau,46.4333,26.4,48.76,73,63,3.06,RO,2021-10-28 18:24:43
266,Atar,20.5169,-13.0499,80.65,47,100,9.22,MR,2021-10-28 18:24:44
267,Port Blair,11.6667,92.75,81.09,80,38,8.93,IN,2021-10-28 18:24:44
268,Hofn,64.2539,-15.2082,43.59,92,100,13.22,IS,2021-10-28 18:24:44
269,Mirabad,30.4362,61.8383,64.13,33,7,8.61,AF,2021-10-28 18:24:45
270,Vila Franca Do Campo,37.7167,-25.4333,68.41,82,99,7.74,PT,2021-10-28 18:24:45
271,Izumo,35.3667,132.7667,60.75,74,7,9.24,JP,2021-10-28 18:24:46
272,Tieli,46.95,128.05,36.32,68,0,5.14,CN,2021-10-28 18:24:46
273,Marzuq,14.4,46.4667,76.08,24,0,4.03,YE,2021-10-28 18:24:46
274,Fasa,28.9383,53.6482,61.84,22,0,4.61,IR,2021-10-28 18:24:47
275,Provideniya,64.3833,-173.3,12.78,86,99,4.41,RU,2021-10-28 18:24:47
276,Cap-Aux-Meules,47.3821,-61.8597,48.22,71,75,21.85,CA,2021-10-28 18:20:02
277,Alice Springs,-23.7,133.8833,78.35,21,59,12.66,AU,2021-10-28 18:24:47
278,Meadow Lake,34.8014,-106.5436,63.37,34,0,10.56,US,2021-10-28 18:24:48
279,Longyearbyen,78.2186,15.6401,19.24,73,0,8.05,SJ,2021-10-28 18:22:21
280,Houston,29.7633,-95.3633,77.45,30,1,11.99,US,2021-10-28 18:21:55
281,Shakhtinsk,49.71,72.5872,27.54,37,27,7.7,KZ,2021-10-28 18:24:48
282,Melnikovo,56.5558,84.085,33.17,54,100,13.11,RU,2021-10-28 18:24:48
283,Yerbogachen,61.2767,108.0108,19.72,73,83,14.81,RU,2021-10-28 18:24:49
284,Tianpeng,30.9866,103.9393,60.64,86,100,1.97,CN,2021-10-28 18:24:49
285,Santa Maria,-29.6842,-53.8069,88.9,25,0,14.97,BR,2021-10-28 18:20:40
286,Mount Gambier,-37.8333,140.7667,48.11,93,75,17.27,AU,2021-10-28 18:24:49
287,Katsuura,35.1333,140.3,59.18,58,46,21.47,JP,2021-10-28 18:24:50
288,Saskylakh,71.9167,114.0833,0.36,97,100,5.61,RU,2021-10-28 18:24:50
289,Saint-Francois,46.4154,3.9054,56.64,64,0,10.36,FR,2021-10-28 18:24:50
290,Mugur-Aksy,50.35,90.5,15.76,80,70,5.73,RU,2021-10-28 18:24:51
291,Mount Isa,-20.7333,139.5,73.17,94,90,6.91,AU,2021-10-28 18:24:51
292,Bose,45.4612,8.0137,54.3,81,42,4.36,IT,2021-10-28 18:24:51
293,Seka,17.9285,103.9552,70.57,86,93,3.56,TH,2021-10-28 18:24:52
294,Aljustrel,37.8776,-8.1652,67.87,64,98,10.25,PT,2021-10-28 18:24:52
295,Maraa,-1.8333,-65.3667,82.24,70,100,1.83,BR,2021-10-28 18:24:52
296,Dingle,10.9995,122.6711,75.22,91,92,6.93,PH,2021-10-28 18:24:53
297,Wiarton,44.7407,-81.1332,58.39,71,75,18.41,CA,2021-10-28 18:24:53
298,Sibolga,1.7427,98.7792,77.81,81,100,2.82,ID,2021-10-28 18:24:53
299,Dunedin,-45.8742,170.5036,53.04,94,99,3.51,NZ,2021-10-28 18:24:53
300,Iskateley,67.6803,53.1512,21.7,75,11,16.42,RU,2021-10-28 18:24:54
301,Boksitogorsk,59.474,33.8485,39.6,96,100,4.38,RU,2021-10-28 18:24:54
302,Camocim,-2.9022,-40.8411,87.39,59,35,17.96,BR,2021-10-28 18:24:54
303,Muzhi,65.3667,64.6667,26.04,97,100,12.06,RU,2021-10-28 18:21:21
304,Kushima,31.4583,131.2333,56.12,76,0,9.1,JP,2021-10-28 18:24:55
305,Anito,12.4497,125.2886,77.5,90,56,5.99,PH,2021-10-28 18:24:55
306,Moerai,-22.4333,-151.3333,71.94,77,100,8.68,PF,2021-10-28 18:24:55
307,Chato,-2.6378,31.7669,70.88,71,41,3.58,TZ,2021-10-28 18:24:56
308,Torbay,47.6666,-52.7314,40.57,89,90,14.97,CA,2021-10-28 18:24:56
309,Flin Flon,54.7682,-101.865,42.64,81,75,9.22,CA,2021-10-28 18:24:56
310,Naze,28.3667,129.4833,66.27,61,1,6.44,JP,2021-10-28 18:24:57
311,Caravelas,-17.7125,-39.2481,80.74,55,7,9.57,BR,2021-10-28 18:24:57
312,Altay,47.8667,88.1167,38.98,58,88,6.02,CN,2021-10-28 18:24:57
313,Kulachi,31.9286,70.4592,73.35,25,0,3.78,PK,2021-10-28 18:24:58
314,Chiredzi,-21.05,31.6667,74.16,48,96,5.01,ZW,2021-10-28 18:24:58
315,Zheleznodorozhnyy,55.7503,38.0042,45.36,76,99,7.31,RU,2021-10-28 18:24:58
316,Edendale,-29.6528,30.3147,59.63,94,100,2.17,ZA,2021-10-28 18:24:59
317,Domazlice,49.4405,12.9298,45.5,97,32,1.79,CZ,2021-10-28 18:24:59
318,Fortuna,40.5982,-124.1573,70.93,71,1,4.0,US,2021-10-28 18:24:59
319,The Valley,18.217,-63.0578,89.46,65,20,9.22,AI,2021-10-28 18:25:00
320,Inirida,3.8653,-67.9239,79.88,87,100,1.97,CO,2021-10-28 18:25:00
321,Fergus Falls,46.283,-96.0776,52.52,93,90,5.99,US,2021-10-28 18:25:00
322,Jalingo,8.8833,11.3667,82.38,61,11,3.33,NG,2021-10-28 18:25:01
323,Sechura,-5.5569,-80.8222,77.81,56,32,14.2,PE,2021-10-28 18:25:01
324,Korsakovo,53.2677,37.3569,46.27,81,91,13.51,RU,2021-10-28 18:25:02
325,Kaseda,31.4167,130.3167,55.85,70,1,6.35,JP,2021-10-28 18:25:03
326,Itarema,-2.9248,-39.9167,86.43,58,7,18.57,BR,2021-10-28 18:25:04
327,San Cristobal,7.7669,-72.225,80.78,62,65,6.04,VE,2021-10-28 18:25:04
328,Mingguang,32.7802,117.9638,56.55,62,96,5.14,CN,2021-10-28 18:25:05
329,Booue,-0.0921,11.9385,74.79,94,39,1.72,GA,2021-10-28 18:25:06
330,Hami,42.8,93.45,49.87,35,74,3.02,CN,2021-10-28 18:20:40
331,Mombetsu,44.3525,143.3525,49.86,92,82,19.75,JP,2021-10-28 18:25:07
332,Kahului,20.8947,-156.47,79.86,80,20,0.0,US,2021-10-28 18:25:07
333,Butterworth,5.3991,100.3638,78.84,88,40,2.3,MY,2021-10-28 18:25:08
334,Te Anau,-45.4167,167.7167,44.91,91,22,0.81,NZ,2021-10-28 18:25:08
335,Empalme,27.9667,-110.8167,88.36,18,1,0.0,MX,2021-10-28 18:25:09
336,Zhezkazgan,47.8043,67.7144,37.62,30,5,6.24,KZ,2021-10-28 18:25:09
337,Khatanga,71.9667,102.5,-3.05,99,100,7.07,RU,2021-10-28 18:25:10
338,Nome,64.5011,-165.4064,17.67,74,40,0.0,US,2021-10-28 18:25:10
339,Sindor,62.8629,51.8905,22.55,82,72,11.07,RU,2021-10-28 18:25:10
340,Nauta,-4.5061,-73.5757,79.41,76,100,3.98,PE,2021-10-28 18:25:11
341,Praia Da Vitoria,38.7333,-27.0667,68.76,83,40,5.26,PT,2021-10-28 18:25:11
342,Geraldton,-28.7667,114.6,49.12,81,3,10.36,AU,2021-10-28 18:25:11
343,Azuqueca De Henares,40.5669,-3.2599,64.08,45,0,5.75,ES,2021-10-28 18:25:12
344,Sakaiminato,35.55,133.2333,60.78,51,75,14.97,JP,2021-10-28 18:25:12
345,Banjar,-8.19,114.9675,82.26,90,100,3.56,ID,2021-10-28 18:25:12
346,Topeka,39.0483,-95.678,52.23,93,90,1.01,US,2021-10-28 18:20:45
347,Soyo,-6.1349,12.3689,80.65,79,21,11.45,AO,2021-10-28 18:25:13
348,Coquimbo,-29.9533,-71.3436,58.73,82,75,16.11,CL,2021-10-28 18:21:38
349,Korla,41.7597,86.1469,49.32,40,39,1.92,CN,2021-10-28 18:25:13
350,Mariestad,58.7097,13.8237,52.5,86,100,13.11,SE,2021-10-28 18:25:14
351,Sioux Lookout,50.1001,-91.917,46.78,87,90,6.91,CA,2021-10-28 18:25:14
352,Apollonia,36.9716,24.7231,63.91,65,1,14.58,GR,2021-10-28 18:25:14
353,Pasighat,28.0667,95.3333,67.78,76,0,3.18,IN,2021-10-28 18:25:15
354,Roald,62.5833,6.1333,54.1,93,75,0.0,NO,2021-10-28 18:25:15
355,Kristiansund,63.1115,7.732,50.65,87,75,5.75,NO,2021-10-28 18:25:15
356,Cuamba,-14.8031,36.5372,75.0,50,39,8.88,MZ,2021-10-28 18:25:16
357,Lodja,-3.4833,23.4333,68.31,99,99,1.39,CD,2021-10-28 18:25:16
358,Boyolangu,-8.1181,111.8935,76.66,92,100,2.17,ID,2021-10-28 18:25:16
359,Antofagasta,-23.65,-70.4,63.68,64,25,8.99,CL,2021-10-28 18:25:16
360,Monchegorsk,67.9397,32.8739,28.02,90,100,20.49,RU,2021-10-28 18:24:10
361,Barabai,-2.5833,115.3833,74.17,97,99,1.3,ID,2021-10-28 18:25:17
362,Pio Ix,-6.8375,-40.5792,97.77,17,1,11.9,BR,2021-10-28 18:25:17
363,Harper,4.375,-7.7169,79.12,83,91,6.53,LR,2021-10-28 18:25:17
364,North Bend,43.4065,-124.2243,66.92,97,90,8.05,US,2021-10-28 18:25:18
365,Mayumba,-3.432,10.6554,76.98,87,37,7.52,GA,2021-10-28 18:25:18
366,Mossendjo,-2.9506,12.7261,71.96,91,25,2.35,CG,2021-10-28 18:25:18
367,Buraydah,26.326,43.975,82.85,15,100,10.11,SA,2021-10-28 18:25:19
368,Nevelsk,46.6733,141.8633,41.43,85,100,22.55,RU,2021-10-28 18:25:19
369,Yashkul,46.1711,45.3435,47.61,54,42,8.43,RU,2021-10-28 18:25:19
370,Turayf,31.6725,38.6637,66.45,34,0,6.91,SA,2021-10-28 18:25:20
371,Shizunai,42.3339,142.3669,50.72,81,76,24.16,JP,2021-10-28 18:25:20
372,Bac Lieu,9.285,105.7244,79.77,84,100,8.37,VN,2021-10-28 18:25:20
373,Talnakh,69.4865,88.3972,-6.57,96,95,9.06,RU,2021-10-28 18:25:21
374,Broome,42.2506,-75.833,63.05,58,1,1.99,US,2021-10-28 18:25:21
375,Kadhan,24.481,68.9859,80.91,28,0,4.52,PK,2021-10-28 18:25:21
376,Zhangjiakou,40.81,114.8794,46.04,44,60,3.13,CN,2021-10-28 18:25:22
377,Narsaq,60.9167,-46.05,32.22,67,68,4.88,GL,2021-10-28 18:25:22
378,Acajutla,13.5928,-89.8275,95.34,70,29,6.46,SV,2021-10-28 18:25:22
379,Raudeberg,61.9875,5.1352,51.19,96,100,11.99,NO,2021-10-28 18:25:23
380,Baturaja,-4.1333,104.1667,74.08,97,100,1.95,ID,2021-10-28 18:25:23
381,Taoudenni,22.6783,-3.9836,89.89,25,84,3.85,ML,2021-10-28 18:25:23
382,Hobyo,5.3505,48.5268,80.56,77,37,8.7,SO,2021-10-28 18:25:24
383,De Aar,-30.6497,24.0123,66.54,66,90,4.25,ZA,2021-10-28 18:25:24
384,Inhambane,-23.865,35.3833,68.41,62,73,9.35,MZ,2021-10-28 18:21:11
385,Calama,-22.4667,-68.9333,75.69,10,0,23.02,CL,2021-10-28 18:25:24
386,Shaoyang,27.2315,111.4525,58.62,92,99,3.06,CN,2021-10-28 18:25:25
387,Zastron,-30.3023,27.084,59.11,78,99,13.58,ZA,2021-10-28 18:25:25
388,Makakilo City,21.3469,-158.0858,78.62,82,90,3.44,US,2021-10-28 18:25:25
389,Camacha,33.0833,-16.3333,69.53,64,20,11.5,PT,2021-10-28 18:25:26
390,Magistralnyy,56.1725,107.4458,25.07,56,6,3.33,RU,2021-10-28 18:25:26
391,Bani Walid,31.7566,13.9942,69.76,49,79,10.33,LY,2021-10-28 18:25:27
392,Oistins,13.0667,-59.5333,86.09,66,40,13.8,BB,2021-10-28 18:22:51
393,Kawalu,-7.3817,108.2082,72.48,95,100,0.94,ID,2021-10-28 18:25:27
394,Yakymivka,46.6897,35.1536,49.05,58,97,7.05,UA,2021-10-28 18:25:27
395,Kharan,28.5833,65.4167,71.65,13,4,6.78,PK,2021-10-28 18:23:09
396,Tangzhai,34.4328,116.5911,57.11,64,64,5.75,CN,2021-10-28 18:25:28
397,Yeppoon,-23.1333,150.7333,71.38,85,18,9.15,AU,2021-10-28 18:25:28
398,Khash,28.2211,61.2158,62.47,58,68,1.92,IR,2021-10-28 18:25:28
399,Constancia,24.2231,-107.1869,88.05,54,0,3.49,MX,2021-10-28 18:25:29
400,Tabou,4.423,-7.3528,79.34,82,75,5.97,CI,2021-10-28 18:25:29
401,Valdivia,-39.8142,-73.2459,68.09,49,13,6.38,CL,2021-10-28 18:25:29
402,Zhigansk,66.7697,123.3711,18.43,91,100,12.77,RU,2021-10-28 18:25:30
403,Comodoro Rivadavia,-45.8667,-67.5,80.46,8,0,17.27,AR,2021-10-28 18:25:30
404,Gazojak,41.1875,61.4036,42.82,62,8,3.11,TM,2021-10-28 18:25:31
405,Tawang,27.5833,91.8667,39.27,66,3,5.82,IN,2021-10-28 18:25:31
406,Trairi,-3.2778,-39.2689,86.09,57,11,15.68,BR,2021-10-28 18:24:49
407,Bambanglipuro,-7.95,110.2833,78.01,90,100,4.7,ID,2021-10-28 18:25:31
408,Ahuimanu,21.4447,-157.8378,79.79,77,90,10.36,US,2021-10-28 18:25:32
409,Aklavik,68.2191,-135.0107,27.43,96,100,5.21,CA,2021-10-28 18:25:32
410,Nizhniy Kuranakh,58.8353,125.4869,24.62,70,100,8.68,RU,2021-10-28 18:25:32
411,Bowen,-20.0167,148.2333,66.42,72,3,10.45,AU,2021-10-28 18:25:33
412,Odweyne,9.4092,45.064,73.44,40,0,8.25,SO,2021-10-28 18:25:33
413,Bystrzyca Klodzka,50.3018,16.6423,50.18,60,34,7.27,PL,2021-10-28 18:25:33
414,Avera,33.194,-82.5271,62.44,95,100,16.26,US,2021-10-28 18:25:34
415,Jiangdu,32.4286,119.5574,55.89,73,83,4.25,CN,2021-10-28 18:25:34
416,Beloha,-25.1667,45.05,65.34,56,39,10.83,MG,2021-10-28 18:25:34
417,Acari,-15.4311,-74.6158,80.04,50,71,10.94,PE,2021-10-28 18:25:35
418,Palmer,42.1584,-72.3287,57.49,58,20,1.01,US,2021-10-28 18:25:35
419,Murakami,38.2333,139.4833,53.44,66,53,7.18,JP,2021-10-28 18:25:35
420,Teluk Nibung,3.001,99.8164,77.18,91,100,4.25,ID,2021-10-28 18:25:35
421,Linhares,-19.3911,-40.0722,82.45,54,48,10.6,BR,2021-10-28 18:25:36
422,Teknaf,20.8624,92.3058,77.05,86,74,4.83,BD,2021-10-28 18:25:36
423,Vilhena,-12.7406,-60.1458,80.82,74,40,10.36,BR,2021-10-28 18:25:36
424,Eyl,7.9803,49.8164,77.88,66,1,12.44,SO,2021-10-28 18:25:37
425,Vardo,70.3705,31.1107,32.2,100,90,35.68,NO,2021-10-28 18:25:37
426,Vallenar,-28.5708,-70.7581,87.8,22,26,11.03,CL,2021-10-28 18:25:37
427,Mondeville,49.175,-0.3224,59.95,82,0,5.75,FR,2021-10-28 18:25:38
428,Dali,25.7,100.1833,54.99,92,2,4.61,CN,2021-10-28 18:25:38
429,Omsukchan,62.5333,155.8,9.14,92,78,6.8,RU,2021-10-28 18:25:38
430,Santa Cruz,-17.8,-63.1667,96.85,38,20,11.5,BO,2021-10-28 18:25:39
431,Tarrega,41.647,1.1396,59.59,72,12,6.15,ES,2021-10-28 18:25:39
432,Brindisi,40.5833,17.6667,60.78,74,3,7.2,IT,2021-10-28 18:25:39
433,Chokurdakh,70.6333,147.9167,-8.23,95,94,4.03,RU,2021-10-28 18:25:40
434,Faya,18.3851,42.4509,62.71,61,8,2.53,SA,2021-10-28 18:25:40
435,Brive-La-Gaillarde,45.25,1.5,58.28,70,2,4.97,FR,2021-10-28 18:25:40
436,Jiuquan,39.7432,98.5174,41.76,37,3,3.27,CN,2021-10-28 18:25:41
437,Plettenberg Bay,-34.0527,23.3716,71.29,64,100,7.31,ZA,2021-10-28 18:25:41
438,Placido De Castro,-10.3353,-67.1856,81.68,70,99,2.48,BR,2021-10-28 18:25:41
439,Varnamo,57.186,14.04,50.31,91,98,9.84,SE,2021-10-28 18:25:42
440,Tortoli,39.9256,9.6572,55.22,71,40,11.5,IT,2021-10-28 18:25:42
441,Chernaya Kholunitsa,58.8511,51.7154,21.87,86,95,8.97,RU,2021-10-28 18:21:12
442,Kayerkan,69.3497,87.7602,-9.8,97,92,7.9,RU,2021-10-28 18:25:43
443,Kudahuvadhoo,2.6708,72.8944,81.93,76,46,9.4,MV,2021-10-28 18:25:43
444,Imperia,43.9667,7.7833,57.2,60,100,6.38,IT,2021-10-28 18:25:43
445,Babstovo,48.1167,132.4833,36.32,71,0,5.1,RU,2021-10-28 18:25:43
446,El Tigre,8.8875,-64.2454,83.64,61,95,5.57,VE,2021-10-28 18:25:44
447,Okato,-39.2,173.8833,54.43,94,38,6.06,NZ,2021-10-28 18:25:44
448,Mirnyy,62.5353,113.9611,18.36,86,100,15.97,RU,2021-10-28 18:25:44
449,Gari,59.4307,62.3497,35.31,85,97,12.77,RU,2021-10-28 18:25:45
450,Havoysund,70.9963,24.6622,34.68,89,100,16.78,NO,2021-10-28 18:25:45
451,Asfi,32.2994,-9.2372,67.77,83,7,8.79,MA,2021-10-28 18:25:45
452,Namatanai,-3.6667,152.4333,80.47,79,48,8.32,PG,2021-10-28 18:25:46
453,Gongzhuling,43.5008,124.8198,44.11,54,0,7.23,CN,2021-10-28 18:25:46
454,Ahipara,-35.1667,173.1667,58.14,92,16,7.83,NZ,2021-10-28 18:25:46
455,Carutapera,-1.195,-46.02,84.56,66,48,6.42,BR,2021-10-28 18:25:47
456,Sehwan,26.4279,67.863,73.22,20,0,4.97,PK,2021-10-28 18:25:47
457,Shitanjing,39.2342,106.3439,45.28,40,3,8.16,CN,2021-10-28 18:25:47
458,Porosozero,62.7191,32.727,34.39,91,100,10.22,RU,2021-10-28 18:25:48
459,Chuy,-33.6971,-53.4616,78.71,50,0,11.5,UY,2021-10-28 18:25:48
460,Casablanca,33.5928,-7.6192,71.82,82,40,2.3,MA,2021-10-28 18:20:56
461,Noumea,-22.2763,166.4572,64.38,80,4,8.79,NC,2021-10-28 18:23:30
462,Mizdah,31.4451,12.9801,65.12,47,78,7.25,LY,2021-10-28 18:25:10
463,Portland,45.5234,-122.6762,67.46,88,90,3.0,US,2021-10-28 18:23:39
464,Kangema,-0.6833,36.9667,68.94,55,67,1.36,KE,2021-10-28 18:25:49
465,Rocha,-34.4833,-54.3333,85.37,39,0,9.51,UY,2021-10-28 18:25:49
466,Port-Gentil,-0.7193,8.7815,80.56,78,40,11.5,GA,2021-10-28 18:25:49
467,Jurm,36.8648,70.8342,45.57,78,100,3.38,AF,2021-10-28 18:25:50
468,Kem,64.9555,34.5793,29.35,94,100,19.62,RU,2021-10-28 18:25:50
469,Skibbereen,51.55,-9.2667,53.4,87,99,6.71,IE,2021-10-28 18:25:50
470,Deoband,29.7,77.6833,66.74,59,0,1.95,IN,2021-10-28 18:25:51
471,Ponnampet,12.15,75.9333,66.58,93,98,3.4,IN,2021-10-28 18:25:51
472,San Diego,32.7153,-117.1573,90.75,37,1,0.0,US,2021-10-28 18:21:20
473,East Wenatchee Bench,47.4257,-120.2812,53.73,84,90,1.01,US,2021-10-28 18:25:51
474,Glendive,47.1053,-104.7125,55.69,37,1,19.57,US,2021-10-28 18:25:52
475,Mgandu,-5.95,34.1333,71.64,35,71,5.46,TZ,2021-10-28 18:25:52
476,Nyazepetrovsk,56.0531,59.6028,34.9,96,100,12.91,RU,2021-10-28 18:25:52
477,Sola,-13.8833,167.55,79.47,83,40,0.0,VU,2021-10-28 18:25:53
478,Bissora,12.2231,-15.4475,82.47,74,81,6.42,GW,2021-10-28 18:25:53
479,Pangnirtung,66.1451,-65.7125,32.0,100,90,0.0,CA,2021-10-28 18:25:53
480,Barcelos,41.5388,-8.6151,62.92,89,100,16.78,PT,2021-10-28 18:25:54
481,Belmonte,-15.8631,-38.8828,79.3,72,20,11.95,BR,2021-10-28 18:25:54
482,Kolpny,52.2282,37.0368,46.47,84,80,12.19,RU,2021-10-28 18:25:55
483,Broken Hill,-31.95,141.4333,56.91,44,0,4.61,AU,2021-10-28 18:25:55
484,Atexcatzingo,19.4667,-98.1333,70.12,61,22,4.54,MX,2021-10-28 18:25:55
485,Bilibino,68.0546,166.4372,-21.06,98,11,3.6,RU,2021-10-28 18:25:56
486,Ossora,59.2353,163.0719,21.27,95,100,5.06,RU,2021-10-28 18:25:56
487,Collie,-33.3667,116.15,40.32,93,35,4.32,AU,2021-10-28 18:25:56
488,Tsuruoka,38.7217,139.8217,53.89,68,98,11.61,JP,2021-10-28 18:25:57
489,Santa Isabel Do Rio Negro,-0.4139,-65.0192,82.36,65,99,2.17,BR,2021-10-28 18:25:57
490,Touba,8.2833,-7.6833,75.11,85,63,4.52,CI,2021-10-28 18:25:57
491,Karratha,-20.7377,116.8463,73.29,48,3,14.38,AU,2021-10-28 18:25:57
492,Abaetetuba,-1.7181,-48.8825,77.04,66,57,5.23,BR,2021-10-28 18:25:58
493,Fairbanks,64.8378,-147.7164,24.76,91,90,3.44,US,2021-10-28 18:25:58
494,Burnie,-41.0667,145.9167,53.94,85,100,21.05,AU,2021-10-28 18:25:58
495,Creel,27.75,-107.6333,68.52,24,0,6.4,MX,2021-10-28 18:25:59
496,Mokrousovo,55.8103,66.7653,34.36,77,52,14.9,RU,2021-10-28 18:21:21
497,Kuusamo,65.9667,29.1833,32.04,100,90,11.5,FI,2021-10-28 18:25:59
498,Port Pirie,-33.1833,138.0167,57.29,80,55,19.08,AU,2021-10-28 18:25:59
499,Kamenka,51.3223,42.7678,44.04,92,100,11.07,RU,2021-10-28 18:26:00
500,Mamakan,57.8161,114.0028,20.79,78,69,4.47,RU,2021-10-28 18:26:00
501,Saldanha,-33.0117,17.9442,62.65,89,2,8.63,ZA,2021-10-28 18:26:00
502,Sarnia,42.9787,-82.4041,62.01,66,20,14.0,CA,2021-10-28 18:22:15
503,Beroroha,-21.6667,45.1667,75.34,37,2,10.0,MG,2021-10-28 18:26:01
504,Walvis Bay,-22.9575,14.5053,67.15,68,44,8.05,NA,2021-10-28 18:26:01
505,Quatre Cocos,-20.2078,57.7625,75.09,76,12,10.07,MU,2021-10-28 18:26:02
506,Yichang,30.7144,111.2847,61.02,74,48,2.19,CN,2021-10-28 18:26:03
507,Araouane,18.9048,-3.5265,89.76,16,65,9.37,ML,2021-10-28 18:26:03
508,Hare Bay,48.8499,-54.0148,40.35,69,100,10.0,CA,2021-10-28 18:26:03
509,Koppang,61.5706,11.0555,48.11,99,100,6.67,NO,2021-10-28 18:26:04
510,College,64.8569,-147.8028,24.75,90,90,4.61,US,2021-10-28 18:26:04
511,Shieli,44.1667,66.75,46.76,46,94,6.38,KZ,2021-10-28 18:26:04
512,Changde,29.0464,111.6783,61.5,82,100,6.15,CN,2021-10-28 18:26:05
513,Oruro,-17.9833,-67.15,70.29,26,40,10.36,BO,2021-10-28 18:26:05
514,Gejiu,23.306,103.1635,52.16,97,71,3.31,CN,2021-10-28 18:26:05
515,Nemuro,43.3236,145.575,47.37,81,57,13.78,JP,2021-10-28 18:26:06
516,Aksu,41.1231,80.2644,51.64,37,100,1.3,CN,2021-10-28 18:26:06
517,Eureka,40.8021,-124.1637,71.2,77,8,4.0,US,2021-10-28 18:24:03
518,Sinnamary,5.3833,-52.95,84.34,67,100,9.78,GF,2021-10-28 18:26:06
519,Yumen,40.2833,97.2,39.56,38,9,3.67,CN,2021-10-28 18:26:07
520,Nichinan,31.6,131.3667,55.76,75,1,13.35,JP,2021-10-28 18:26:07
521,Doha,25.2867,51.5333,84.09,68,0,3.44,QA,2021-10-28 18:22:59
522,Wanning,18.8003,110.3967,76.19,92,100,8.9,CN,2021-10-28 18:26:07
523,Rantauprapat,2.1,99.8333,74.71,97,99,2.21,ID,2021-10-28 18:26:08
524,Samarai,-10.6167,150.6667,82.08,81,45,10.87,PG,2021-10-28 18:26:08
525,Okhotsk,59.3833,143.3,23.74,93,50,7.83,RU,2021-10-28 18:26:08
526,La Ronge,55.1001,-105.2842,46.65,49,1,6.91,CA,2021-10-28 18:26:09
527,Castrillon,43.3979,-6.7922,64.22,41,100,7.67,ES,2021-10-28 18:26:09
528,Boende,-0.2167,20.8667,72.95,97,97,2.71,CD,2021-10-28 18:26:09
529,Sur,22.5667,59.5289,78.89,64,0,4.05,OM,2021-10-28 18:26:10
530,Vostok,46.4856,135.8833,29.14,93,12,3.13,RU,2021-10-28 18:26:10
531,Saint-Augustin,51.226,-58.6502,48.45,40,1,8.93,CA,2021-10-28 18:26:10
532,Lompoc,34.6391,-120.4579,84.56,41,1,0.0,US,2021-10-28 18:26:11
533,Yambio,4.5721,28.3955,71.35,85,67,3.74,SS,2021-10-28 18:26:11
534,Brae,60.3964,-1.353,49.91,83,100,5.95,GB,2021-10-28 18:26:11
535,Rundu,-17.9333,19.7667,73.47,57,60,3.98,NA,2021-10-28 18:26:12
536,Husavik,66.0449,-17.3389,39.11,97,95,18.23,IS,2021-10-28 18:26:12
537,Ternate,0.8,127.4,80.64,80,15,3.89,ID,2021-10-28 18:26:12
538,Miracatu,-24.2814,-47.4597,71.35,98,100,2.73,BR,2021-10-28 18:26:13
539,Methoni,36.8197,21.7049,57.06,57,37,10.98,GR,2021-10-28 18:26:13
540,Yamada,39.4667,141.95,46.13,78,0,8.1,JP,2021-10-28 18:26:13
541,Nelson Bay,-32.7167,152.15,68.68,90,79,8.55,AU,2021-10-28 18:22:29
542,Gunjur,13.2019,-16.7339,82.47,83,75,3.44,GM,2021-10-28 18:26:14
543,Tual,-5.6667,132.75,83.88,72,86,4.12,ID,2021-10-28 18:26:14
544,Nandgaon,20.3167,74.65,70.83,50,48,9.46,IN,2021-10-28 18:26:14
545,Rujewa,-8.7,34.3833,74.14,51,34,9.93,TZ,2021-10-28 18:26:15
546,Ponta Delgada,37.7333,-25.6667,68.72,83,40,8.05,PT,2021-10-28 18:26:15
547,Shevchenkove,49.6959,37.1735,47.98,85,100,12.26,UA,2021-10-28 18:26:16
548,Gladstone,-23.85,151.25,73.33,83,10,8.05,AU,2021-10-28 18:26:16
549,Bulgan,48.8125,103.5347,35.85,57,92,2.46,MN,2021-10-28 18:26:16
550,Moron,-34.6534,-58.6198,96.03,31,79,7.0,AR,2021-10-28 18:26:17
551,Mitchell,43.7094,-98.0298,55.11,64,1,5.01,US,2021-10-28 18:26:17
552,Havre-Saint-Pierre,50.2334,-63.5986,52.16,43,1,2.3,CA,2021-10-28 18:26:17
553,Shimoda,34.6667,138.95,62.71,60,35,17.22,JP,2021-10-28 18:26:18
554,Mezen,65.8522,44.24,23.86,99,95,3.94,RU,2021-10-28 18:26:18
555,Vera Cruz,-12.6333,-41.0333,87.51,36,69,3.24,BR,2021-10-28 18:26:18
556,Jiazi,22.8779,116.067,73.13,80,35,12.73,CN,2021-10-28 18:26:19
557,Jonesboro,35.8423,-90.7043,58.78,82,90,11.01,US,2021-10-28 18:26:19
558,Sobolevo,54.4299,31.8996,44.83,92,28,4.43,RU,2021-10-28 18:26:19
559,Kruisfontein,-34.0033,24.7314,66.88,86,100,12.28,ZA,2021-10-28 18:26:19
560,Poiana Teiului,47.1,25.9667,45.72,65,63,2.04,RO,2021-10-28 18:26:20
561,Senanga,-16.1167,23.2667,77.07,48,30,5.84,ZM,2021-10-28 18:26:20
562,Nouadhibou,20.931,-17.0347,71.58,64,12,17.27,MR,2021-10-28 18:26:21
563,Marystown,47.1666,-55.1483,44.85,100,100,13.0,CA,2021-10-28 18:26:21
564,Alyangula,-13.8483,136.4192,75.07,94,53,0.0,AU,2021-10-28 18:26:21
565,Houma,29.5958,-90.7195,73.99,37,1,23.02,US,2021-10-28 18:25:22
566,Morro Bay,35.3658,-120.8499,81.05,49,0,7.72,US,2021-10-28 18:26:22
567,Takoradi,4.8845,-1.7554,79.48,83,56,5.1,GH,2021-10-28 18:26:22
568,Aykhal,66.0,111.5,7.11,94,100,18.16,RU,2021-10-28 18:26:22
